Workbook

Sheet OASIS
A1: Discipline | B1: Etudiant | C1: Mention | D1: Status | E1: Commentaire pour OASIS
A2: 00283 | B2: ='00283'!H2 -> aalhanbali | D2: =IF('00283'!K2="PRESENCE","VALIDATE","INVALIDATE") -> VALIDATE
A3: 00283 | B3: ='00283'!H3 -> aalloncle | D3: =IF('00283'!K3="PRESENCE","VALIDATE","INVALIDATE") -> VALIDATE
A4: 00283 | B4: ='00283'!H4 -> abrucker | D4: =IF('00283'!K4="PRESENCE","VALIDATE","INVALIDATE") -> VALIDATE
A5: 00283 | B5: ='00283'!H5 -> adaussy | D5: =IF('00283'!K5="PRESENCE","VALIDATE","INVALIDATE") -> INVALIDATE
A6: 00283 | B6: ='00283'!H6 -> adeguerines | D6: =IF('00283'!K6="PRESENCE","VALIDATE","INVALIDATE") -> VALIDATE
A7: 00283 | B7: ='00283'!H7 -> adimitriadis | D7: =IF('00283'!K7="PRESENCE","VALIDATE","INVALIDATE") -> VALIDATE
A8: 00283 | B8: ='00283'!H8 -> adivaret | D8: =IF('00283'!K8="PRESENCE","VALIDATE","INVALIDATE") -> INVALIDATE
A9: 00283 | B9: ='00283'!H9 -> aespinoza | D9: =IF('00283'!K9="PRESENCE","VALIDATE","INVALIDATE") -> VALIDATE
A10: 00283 | B10: ='00283'!H10 -> agleize | D10: =IF('00283'!K10="PRESENCE","VALIDATE","INVALIDATE") -> VALIDATE
A11: 00283 | B11: ='00283'!H11 -> agraniromero | D11: =IF('00283'!K11="PRESENCE","VALIDATE","INVALIDATE") -> VALIDATE
A12: 00283 | B12: ='00283'!H12 -> ainial | D12: =IF('00283'!K12="PRESENCE","VALIDATE","INVALIDATE") -> VALIDATE
A13: 00283 | B13: ='00283'!H13 -> ajeong | D13: =IF('00283'!K13="PRESENCE","VALIDATE","INVALIDATE") -> INVALIDATE
... A169: 00283 | B169: ='00283'!H169 -> zcatta | D169: =IF('00283'!K169="PRESENCE","VALIDATE","INVALIDATE") -> INVALIDATE

Sheet 00283
A1: Séance | B1: Titre | C1: Date | D1: Heure de début | E1: Heure de fin | F1: Type d'émargement | G1: Statut de l'émargement | H1: Étudiant | I1: Étudiant - Nom | J1: Étudiant - Prénom | K1: Statut de l'étudiant
A2: 106559 | C2: 2025-11-27 | D2: 09:30 | E2: 12:30 | F2: QR Code | G2: Émargée | H2: aalhanbali | I2: Alexis | J2: Alhanbali | K2: PRESENCE
A3: 106559 | C3: 2025-11-27 | D3: 09:30 | E3: 12:30 | F3: QR Code | G3: Émargée | H3: aalloncle | I3: Antonin | J3: Alloncle | K3: PRESENCE
A4: 106559 | C4: 2025-11-27 | D4: 09:30 | E4: 12:30 | F4: QR Code | G4: Émargée | H4: abrucker | I4: Arsène | J4: Brucker | K4: PRESENCE
A5: 106559 | C5: 2025-11-27 | D5: 09:30 | E5: 12:30 | F5: QR Code | G5: Émargée | H5: adaussy | I5: Adrien | J5: Daussy | K5: ABSENCE
A6: 106559 | C6: 2025-11-27 | D6: 09:30 | E6: 12:30 | F6: QR Code | G6: Émargée | H6: adeguerines | I6: Alix | J6: de Guérines | K6: PRESENCE
A7: 106559 | C7: 2025-11-27 | D7: 09:30 | E7: 12:30 | F7: QR Code | G7: Émargée | H7: adimitriadis | I7: Alexey | J7: Dimitriadis | K7: PRESENCE
A8: 106559 | C8: 2025-11-27 | D8: 09:30 | E8: 12:30 | F8: QR Code | G8: Émargée | H8: adivaret | I8: Ambroise | J8: Divaret | K8: ABSENCE
A9: 106559 | C9: 2025-11-27 | D9: 09:30 | E9: 12:30 | F9: QR Code | G9: Émargée | H9: aespinoza | I9: Ayar | J9: Espinoza | K9: PRESENCE
A10: 106559 | C10: 2025-11-27 | D10: 09:30 | E10: 12:30 | F10: QR Code | G10: Émargée | H10: agleize | I10: Amandine | J10: Gleize | K10: PRESENCE
A11: 106559 | C11: 2025-11-27 | D11: 09:30 | E11: 12:30 | F11: QR Code | G11: Émargée | H11: agraniromero | I11: Arnau | J11: Gran I Romero | K11: PRESENCE
A12: 106559 | C12: 2025-11-27 | D12: 09:30 | E12: 12:30 | F12: QR Code | G12: Émargée | H12: ainial | I12: Althéa | J12: Inial | K12: PRESENCE
A13: 106559 | C13: 2025-11-27 | D13: 09:30 | E13: 12:30 | F13: QR Code | G13: Émargée | H13: ajeong | I13: Ahyeon | J13: Jeong | K13: ABSENCE
... A169: 106559 | C169: 2025-11-27 | D169: 09:30 | E169: 12:30 | F169: QR Code | G169: Émargée | H169: zcatta | I169: Zoya | J169: Catta-Bressan | K169: ABSENCE
