Workbook

Sheet 003481
A1: Ligne | B1: Date | C1: Date | D1: Heure de début | E1: Heure de fin | F1: Type d'émargement | G1: Statut de l'émargement | H1: Étudiant | I1: Étudiant - PréNom | J1: Séance | K1: Étudiant - Nom | L1: Statut de l'étudiant | M1: Nom prenom | N1: commentaire | Q1: Doublon
A2: 1 | C2: 45909 | D2: 0.39583333 | E2: 0.47916667 | F2: QR Code | G2: Émargée | H2: plagondjondenguinot | I2: Pierre Louis | J2: 104959 | K2: Agondjo Ndenguinot | L2: PRESENCE | M2: =I2 & " " & K2 -> Pierre Louis Agondjo Ndenguinot | Q2: =J2&H2 -> 104959plagondjondenguinot
A3: 3 | C3: 45908 | D3: 0.58333333 | E3: 0.64583333 | F3: QR Code | G3: Émargée | H3: plagondjondenguinot | I3: Pierre Louis | J3: 104551 | K3: Agondjo Ndenguinot | L3: PRESENCE | M3: =I3 & " " & K3 -> Pierre Louis Agondjo Ndenguinot | Q3: =J3&H3 -> 104551plagondjondenguinot
A4: 4 | C4: 45908 | D4: 0.47916667 | E4: 0.54166667 | F4: QR Code | G4: Émargée | H4: plagondjondenguinot | I4: Pierre Louis | J4: 104550 | K4: Agondjo Ndenguinot | L4: PRESENCE | M4: =I4 & " " & K4 -> Pierre Louis Agondjo Ndenguinot | Q4: =J4&H4 -> 104550plagondjondenguinot
A5: 5 | C5: 45908 | D5: 0.375 | E5: 0.4375 | F5: QR Code | G5: Émargée | H5: plagondjondenguinot | I5: Pierre Louis | J5: 102916 | K5: Agondjo Ndenguinot | L5: PRESENCE | M5: =K5 & " " & I5 -> Agondjo Ndenguinot Pierre Louis | Q5: =J5&H5 -> 102916plagondjondenguinot
A6: 6 | C6: 45909 | D6: 0.39583333 | E6: 0.47916667 | F6: QR Code | G6: Émargée | H6: taguerre | I6: b | J6: 104959 | K6: Aguerre | L6: PRESENCE | M6: =I6 & " " & K6 -> b Aguerre | Q6: =J6&H6 -> 104959taguerre
A7: 7 | C7: 45909 | D7: 0.39583333 | E7: 0.47916667 | F7: QR Code | G7: Émargée | H7: yamano | I7: Yui | J7: 104959 | K7: Amano | L7: PRESENCE | M7: =I7 & " " & K7 -> Yui Amano | Q7: =J7&H7 -> 104959yamano
A8: 8 | C8: 45908 | D8: 0.66666667 | E8: 0.72916667 | F8: QR Code | G8: Émargée | H8: taguerre | I8: Tristan | J8: 104855 | K8: Aguerre | L8: PRESENCE | M8: =I8 & " " & K8 -> Tristan Aguerre | Q8: =J8&H8 -> 104855taguerre
A9: 10 | C9: 45908 | D9: 0.58333333 | E9: 0.64583333 | F9: QR Code | G9: Émargée | H9: taguerre | I9: Tristan | J9: 104551 | K9: Aguerre | L9: PRESENCE | M9: =I9 & " " & K9 -> Tristan Aguerre | Q9: =J9&H9 -> 104551taguerre
A10: 11 | C10: 45908 | D10: 0.47916667 | E10: 0.54166667 | F10: QR Code | G10: Émargée | H10: taguerre | I10: Tristan | J10: 104550 | K10: Aguerre | L10: PRESENCE | M10: =I10 & " " & K10 -> Tristan Aguerre | Q10: =J10&H10 -> 104550taguerre
A11: 12 | C11: 45908 | D11: 0.375 | E11: 0.4375 | F11: QR Code | G11: Émargée | H11: taguerre | I11: Tristan | J11: 102916 | K11: Aguerre | L11: PRESENCE | M11: =I11 & " " & K11 -> Tristan Aguerre | Q11: =J11&H11 -> 102916taguerre
A12: 13 | C12: 45909 | D12: 0.39583333 | E12: 0.47916667 | F12: QR Code | G12: Émargée | H12: vamirtahmasseb | I12: Vincent | J12: 104959 | K12: Amir-Tahmasseb | L12: PRESENCE | M12: =I12 & " " & K12 -> Vincent Amir-Tahmasseb | Q12: =J12&H12 -> 104959vamirtahmasseb
A13: 14 | C13: 45909 | D13: 0.39583333 | E13: 0.47916667 | F13: QR Code | G13: Émargée | H13: nsmangloma | I13: Noam, Sofiane, Milo | J13: 104959 | K13: Angloma | L13: ABSENCE | M13: =K13 & " " & I13 -> Angloma Noam, Sofiane, Milo | Q13: =J13&H13 -> 104959nsmangloma
A14: 15 | C14: 45908 | D14: 0.66666667 | E14: 0.72916667 | F14: QR Code | G14: Émargée | H14: yamano | I14: Yui | J14: 104855 | K14: Amano | L14: PRESENCE | M14: =I14 & " " & K14 -> Yui Amano | Q14: =J14&H14 -> 104855yamano
A15: 18 | C15: 45908 | D15: 0.58333333 | E15: 0.64583333 | F15: QR Code | G15: Émargée | H15: yamano | I15: Yui | J15: 104551 | K15: Amano | L15: PRESENCE | M15: =I15 & " " & K15 -> Yui Amano | Q15: =J15&H15 -> 104551yamano
A16: 19 | C16: 45908 | D16: 0.47916667 | E16: 0.54166667 | F16: QR Code | G16: Émargée | H16: yamano | I16: Yui | J16: 104550 | K16: Amano | L16: PRESENCE | M16: =I16 & " " & K16 -> Yui Amano | Q16: =J16&H16 -> 104550yamano
A17: 20 | C17: 45908 | D17: 0.375 | E17: 0.4375 | F17: QR Code | G17: Émargée | H17: yamano | I17: Yui | J17: 102916 | K17: Amano | L17: PRESENCE | M17: =I17 & " " & K17 -> Yui Amano | Q17: =J17&H17 -> 102916yamano
A18: 21 | C18: 45909 | D18: 0.39583333 | E18: 0.47916667 | F18: QR Code | G18: Émargée | H18: mangot | I18: Mélissa | J18: 104959 | K18: Angot | L18: PRESENCE | M18: =I18 & " " & K18 -> Mélissa Angot | Q18: =J18&H18 -> 104959mangot
A19: 22 | C19: 45909 | D19: 0.39583333 | E19: 0.47916667 | F19: QR Code | G19: Émargée | H19: sarchimbaudadad | I19: Solal | J19: 104959 | K19: Archimbaud--Adad | L19: PRESENCE | M19: =I19 & " " & K19 -> Solal Archimbaud--Adad | Q19: =J19&H19 -> 104959sarchimbaudadad
A20: 23 | C20: 45908 | D20: 0.66666667 | E20: 0.72916667 | F20: QR Code | G20: Émargée | H20: vamirtahmasseb | I20: Vincent | J20: 104855 | K20: Amir-Tahmasseb | L20: PRESENCE | M20: =I20 & " " & K20 -> Vincent Amir-Tahmasseb | Q20: =J20&H20 -> 104855vamirtahmasseb
A21: 26 | C21: 45908 | D21: 0.58333333 | E21: 0.64583333 | F21: QR Code | G21: Émargée | H21: vamirtahmasseb | I21: Vincent | J21: 104551 | K21: Amir-Tahmasseb | L21: PRESENCE | M21: =I21 & " " & K21 -> Vincent Amir-Tahmasseb | Q21: =J21&H21 -> 104551vamirtahmasseb
A22: 27 | C22: 45908 | D22: 0.47916667 | E22: 0.54166667 | F22: QR Code | G22: Émargée | H22: vamirtahmasseb | I22: Vincent | J22: 104550 | K22: Amir-Tahmasseb | L22: PRESENCE | M22: =I22 & " " & K22 -> Vincent Amir-Tahmasseb | Q22: =J22&H22 -> 104550vamirtahmasseb
A23: 28 | C23: 45908 | D23: 0.375 | E23: 0.4375 | F23: QR Code | G23: Émargée | H23: vamirtahmasseb | I23: Vincent | J23: 102916 | K23: Amir-Tahmasseb | L23: PRESENCE | M23: =I23 & " " & K23 -> Vincent Amir-Tahmasseb | Q23: =J23&H23 -> 102916vamirtahmasseb
A24: 29 | C24: 45909 | D24: 0.39583333 | E24: 0.47916667 | F24: QR Code | G24: Émargée | H24: mathanebest | I24: Madeleine | J24: 104959 | K24: Athané-Best | L24: ABSENCE | M24: =K24 & " " & I24 -> Athané-Best Madeleine | Q24: =J24&H24 -> 104959mathanebest
A25: 30 | C25: 45909 | D25: 0.39583333 | E25: 0.47916667 | F25: QR Code | G25: Émargée | H25: taubry1 | I25: Timothée | J25: 104959 | K25: Aubry | L25: PRESENCE | M25: =I25 & " " & K25 -> Timothée Aubry | Q25: =J25&H25 -> 104959taubry1
A26: 31 | C26: 45908 | D26: 0.66666667 | E26: 0.72916667 | F26: QR Code | G26: Émargée | H26: nsmangloma | I26: Noam, Sofiane, Milo | J26: 104855 | K26: Angloma | L26: PRESENCE | M26: =I26 & " " & K26 -> Noam, Sofiane, Milo Angloma | Q26: =J26&H26 -> 104855nsmangloma
A27: 33 | C27: 45908 | D27: 0.58333333 | E27: 0.64583333 | F27: QR Code | G27: Émargée | H27: nsmangloma | I27: Noam, Sofiane, Milo | J27: 104551 | K27: Angloma | L27: PRESENCE | M27: =I27 & " " & K27 -> Noam, Sofiane, Milo Angloma | Q27: =J27&H27 -> 104551nsmangloma
A28: 34 | C28: 45908 | D28: 0.47916667 | E28: 0.54166667 | F28: QR Code | G28: Émargée | H28: nsmangloma | I28: Noam, Sofiane, Milo | J28: 104550 | K28: Angloma | L28: PRESENCE | M28: =I28 & " " & K28 -> Noam, Sofiane, Milo Angloma | Q28: =J28&H28 -> 104550nsmangloma
A29: 35 | C29: 45908 | D29: 0.375 | E29: 0.4375 | F29: QR Code | G29: Émargée | H29: nsmangloma | I29: Noam, Sofiane, Milo | J29: 102916 | K29: Angloma | L29: PRESENCE | M29: =I29 & " " & K29 -> Noam, Sofiane, Milo Angloma | Q29: =J29&H29 -> 102916nsmangloma
A30: 36 | C30: 45909 | D30: 0.39583333 | E30: 0.47916667 | F30: QR Code | G30: Émargée | H30: gbaltardive | I30: Garance | J30: 104959 | K30: Baltardive | L30: PRESENCE | M30: =I30 & " " & K30 -> Garance Baltardive | Q30: =J30&H30 -> 104959gbaltardive
A31: 37 | C31: 45909 | D31: 0.39583333 | E31: 0.47916667 | F31: QR Code | G31: Émargée | H31: jbarretfontealba | I31: Juliette | J31: 104959 | K31: Barret--Fontealba | L31: PRESENCE | M31: =I31 & " " & K31 -> Juliette Barret--Fontealba | Q31: =J31&H31 -> 104959jbarretfontealba
A32: 38 | C32: 45908 | D32: 0.66666667 | E32: 0.72916667 | F32: QR Code | G32: Émargée | H32: mangot | I32: Mélissa | J32: 104855 | K32: Angot | L32: PRESENCE | M32: =I32 & " " & K32 -> Mélissa Angot | Q32: =J32&H32 -> 104855mangot
A33: 40 | C33: 45908 | D33: 0.58333333 | E33: 0.64583333 | F33: QR Code | G33: Émargée | H33: mangot | I33: Mélissa | J33: 104551 | K33: Angot | L33: PRESENCE | M33: =I33 & " " & K33 -> Mélissa Angot | Q33: =J33&H33 -> 104551mangot
A34: 41 | C34: 45908 | D34: 0.47916667 | E34: 0.54166667 | F34: QR Code | G34: Émargée | H34: mangot | I34: Mélissa | J34: 104550 | K34: Angot | L34: PRESENCE | M34: =I34 & " " & K34 -> Mélissa Angot | Q34: =J34&H34 -> 104550mangot
A35: 42 | C35: 45908 | D35: 0.375 | E35: 0.4375 | F35: QR Code | G35: Émargée | H35: mangot | I35: Mélissa | J35: 102916 | K35: Angot | L35: PRESENCE | M35: =I35 & " " & K35 -> Mélissa Angot | Q35: =J35&H35 -> 102916mangot
A36: 43 | C36: 45909 | D36: 0.39583333 | E36: 0.47916667 | F36: QR Code | G36: Émargée | H36: jbbatoge | I36: Jean-Baptiste | J36: 104959 | K36: Batogé | L36: PRESENCE | M36: =I36 & " " & K36 -> Jean-Baptiste Batogé | Q36: =J36&H36 -> 104959jbbatoge
... A43: 51 | C43: 45909 | D43: 0.39583333 | E43: 0.47916667 | F43: QR Code | G43: Émargée | H43: mbianchi | I43: Manuela | J43: 104959 | K43: Bianchi | L43: PRESENCE | M43: =I43 & " " & K43 -> Manuela Bianchi | Q43: =J43&H43 -> 104959mbianchi
A44: 52 | C44: 45908 | D44: 0.66666667 | E44: 0.72916667 | F44: QR Code | G44: Émargée | H44: mathanebest | I44: Madeleine | J44: 104855 | K44: Athané-Best | L44: ABSENCE | M44: =K44 & " " & I44 -> Athané-Best Madeleine | Q44: =J44&H44 -> 104855mathanebest
A45: 54 | C45: 45908 | D45: 0.58333333 | E45: 0.64583333 | F45: QR Code | G45: Émargée | H45: mathanebest | I45: Madeleine | J45: 104551 | K45: Athané-Best | L45: ABSENCE | M45: =K45 & " " & I45 -> Athané-Best Madeleine | Q45: =J45&H45 -> 104551mathanebest
A46: 55 | C46: 45908 | D46: 0.47916667 | E46: 0.54166667 | F46: QR Code | G46: Émargée | H46: mathanebest | I46: Madeleine | J46: 104550 | K46: Athané-Best | L46: ABSENCE | M46: =K46 & " " & I46 -> Athané-Best Madeleine | Q46: =J46&H46 -> 104550mathanebest
A47: 56 | C47: 45908 | D47: 0.375 | E47: 0.4375 | F47: QR Code | G47: Émargée | H47: mathanebest | I47: Madeleine | J47: 102916 | K47: Athané-Best | L47: PRESENCE | M47: =K47 & " " & I47 -> Athané-Best Madeleine | Q47: =J47&H47 -> 102916mathanebest
A48: 57 | C48: 45909 | D48: 0.39583333 | E48: 0.47916667 | F48: QR Code | G48: Émargée | H48: abich | I48: Alphonse | J48: 104959 | K48: Bich | L48: ABSENCE | M48: =K48 & " " & I48 -> Bich Alphonse | Q48: =J48&H48 -> 104959abich
A49: 58 | C49: 45909 | D49: 0.39583333 | E49: 0.47916667 | F49: QR Code | G49: Émargée | H49: lbischoff1 | I49: Louis | J49: 104959 | K49: Bischoff | L49: PRESENCE | M49: =I49 & " " & K49 -> Louis Bischoff | Q49: =J49&H49 -> 104959lbischoff1
A50: 59 | C50: 45908 | D50: 0.66666667 | E50: 0.72916667 | F50: QR Code | G50: Émargée | H50: taubry1 | I50: Timothée | J50: 104855 | K50: Aubry | L50: PRESENCE | M50: =I50 & " " & K50 -> Timothée Aubry | Q50: =J50&H50 -> 104855taubry1
A51: 61 | C51: 45908 | D51: 0.58333333 | E51: 0.64583333 | F51: QR Code | G51: Émargée | H51: taubry1 | I51: Timothée | J51: 104551 | K51: Aubry | L51: PRESENCE | M51: =I51 & " " & K51 -> Timothée Aubry | Q51: =J51&H51 -> 104551taubry1
A52: 62 | C52: 45908 | D52: 0.47916667 | E52: 0.54166667 | F52: QR Code | G52: Émargée | H52: taubry1 | I52: Timothée | J52: 104550 | K52: Aubry | L52: PRESENCE | M52: =I52 & " " & K52 -> Timothée Aubry | Q52: =J52&H52 -> 104550taubry1
A53: 63 | C53: 45908 | D53: 0.375 | E53: 0.4375 | F53: QR Code | G53: Émargée | H53: taubry1 | I53: Timothée | J53: 102916 | K53: Aubry | L53: PRESENCE | M53: =I53 & " " & K53 -> Timothée Aubry | Q53: =J53&H53 -> 102916taubry1
A54: 64 | C54: 45909 | D54: 0.39583333 | E54: 0.47916667 | F54: QR Code | G54: Émargée | H54: mblouet | I54: Martin | J54: 104959 | K54: Blouet | L54: PRESENCE | M54: =K54 & " " & I54 -> Blouet Martin | Q54: =J54&H54 -> 104959mblouet
A55: 65 | C55: 45909 | D55: 0.39583333 | E55: 0.47916667 | F55: QR Code | G55: Émargée | H55: abomont | I55: Albert | J55: 104959 | K55: Bomont | L55: ABSENCE | M55: =K55 & " " & I55 -> Bomont Albert | Q55: =J55&H55 -> 104959abomont
A56: 66 | C56: 45908 | D56: 0.66666667 | E56: 0.72916667 | F56: QR Code | G56: Émargée | H56: gbaltardive | I56: Garance | J56: 104855 | K56: Baltardive | L56: PRESENCE | M56: =K56 & " " & I56 -> Baltardive Garance | Q56: =J56&H56 -> 104855gbaltardive
A57: 68 | C57: 45908 | D57: 0.58333333 | E57: 0.64583333 | F57: QR Code | G57: Émargée | H57: gbaltardive | I57: Garance | J57: 104551 | K57: Baltardive | L57: PRESENCE | M57: =K57 & " " & I57 -> Baltardive Garance | Q57: =J57&H57 -> 104551gbaltardive
A58: 69 | C58: 45908 | D58: 0.47916667 | E58: 0.54166667 | F58: QR Code | G58: Émargée | H58: gbaltardive | I58: Garance | J58: 104550 | K58: Baltardive | L58: PRESENCE | M58: =K58 & " " & I58 -> Baltardive Garance | Q58: =J58&H58 -> 104550gbaltardive
A59: 70 | C59: 45908 | D59: 0.375 | E59: 0.4375 | F59: QR Code | G59: Émargée | H59: gbaltardive | I59: Garance | J59: 102916 | K59: Baltardive | L59: PRESENCE | M59: =K59 & " " & I59 -> Baltardive Garance | Q59: =J59&H59 -> 102916gbaltardive
A60: 71 | C60: 45909 | D60: 0.39583333 | E60: 0.47916667 | F60: QR Code | G60: Émargée | H60: dbondetdelabernardie | I60: Derek | J60: 104959 | K60: Bondet de la Bernardie | L60: PRESENCE | M60: =I60 & " " & K60 -> Derek Bondet de la Bernardie | Q60: =J60&H60 -> 104959dbondetdelabernardie
A61: 72 | C61: 45909 | D61: 0.39583333 | E61: 0.47916667 | F61: QR Code | G61: Émargée | H61: lbressoux | I61: Lucas | J61: 104959 | K61: Bressoux | L61: PRESENCE | M61: =I61 & " " & K61 -> Lucas Bressoux | Q61: =J61&H61 -> 104959lbressoux
A62: 73 | C62: 45908 | D62: 0.66666667 | E62: 0.72916667 | F62: QR Code | G62: Émargée | H62: jbarretfontealba | I62: Juliette | J62: 104855 | K62: Barret--Fontealba | L62: PRESENCE | M62: =I62 & " " & K62 -> Juliette Barret--Fontealba | Q62: =J62&H62 -> 104855jbarretfontealba
A63: 75 | C63: 45908 | D63: 0.58333333 | E63: 0.64583333 | F63: QR Code | G63: Émargée | H63: jbarretfontealba | I63: Juliette | J63: 104551 | K63: Barret--Fontealba | L63: PRESENCE | M63: =I63 & " " & K63 -> Juliette Barret--Fontealba | Q63: =J63&H63 -> 104551jbarretfontealba
A64: 76 | C64: 45908 | D64: 0.47916667 | E64: 0.54166667 | F64: QR Code | G64: Émargée | H64: jbarretfontealba | I64: Juliette | J64: 104550 | K64: Barret--Fontealba | L64: PRESENCE | M64: =I64 & " " & K64 -> Juliette Barret--Fontealba | Q64: =J64&H64 -> 104550jbarretfontealba
A65: 77 | C65: 45908 | D65: 0.375 | E65: 0.4375 | F65: QR Code | G65: Émargée | H65: jbarretfontealba | I65: Juliette | J65: 102916 | K65: Barret--Fontealba | L65: PRESENCE | M65: =I65 & " " & K65 -> Juliette Barret--Fontealba | Q65: =J65&H65 -> 102916jbarretfontealba
A66: 78 | C66: 45909 | D66: 0.39583333 | E66: 0.47916667 | F66: QR Code | G66: Émargée | H66: cbrunet | I66: Clément | J66: 104959 | K66: Brunet | L66: PRESENCE | M66: =I66 & " " & K66 -> Clément Brunet | Q66: =J66&H66 -> 104959cbrunet
A67: 79 | C67: 45909 | D67: 0.39583333 | E67: 0.47916667 | F67: QR Code | G67: Émargée | H67: dcanadagutierrez | I67: Diego | J67: 104959 | K67: Canada Gutierrez | L67: ABSENCE | M67: =K67 & " " & I67 -> Canada Gutierrez Diego | Q67: =J67&H67 -> 104959dcanadagutierrez
A68: 80 | C68: 45908 | D68: 0.66666667 | E68: 0.72916667 | F68: QR Code | G68: Émargée | H68: jbbatoge | I68: Jean-Baptiste | J68: 104855 | K68: Batogé | L68: PRESENCE | M68: =I68 & " " & K68 -> Jean-Baptiste Batogé | Q68: =J68&H68 -> 104855jbbatoge
A69: 82 | C69: 45908 | D69: 0.58333333 | E69: 0.64583333 | F69: QR Code | G69: Émargée | H69: jbbatoge | I69: Jean-Baptiste | J69: 104551 | K69: Batogé | L69: PRESENCE | M69: =I69 & " " & K69 -> Jean-Baptiste Batogé | Q69: =J69&H69 -> 104551jbbatoge
A70: 83 | C70: 45908 | D70: 0.47916667 | E70: 0.54166667 | F70: QR Code | G70: Émargée | H70: jbbatoge | I70: Jean-Baptiste | J70: 104550 | K70: Batogé | L70: PRESENCE | M70: =I70 & " " & K70 -> Jean-Baptiste Batogé | Q70: =J70&H70 -> 104550jbbatoge
A71: 84 | C71: 45908 | D71: 0.375 | E71: 0.4375 | F71: QR Code | G71: Émargée | H71: jbbatoge | I71: Jean-Baptiste | J71: 102916 | K71: Batogé | L71: PRESENCE | M71: =I71 & " " & K71 -> Jean-Baptiste Batogé | Q71: =J71&H71 -> 102916jbbatoge
A72: 85 | C72: 45909 | D72: 0.39583333 | E72: 0.47916667 | F72: QR Code | G72: Émargée | H72: fcantau | I72: Félix | J72: 104959 | K72: Cantau | L72: PRESENCE | M72: =I72 & " " & K72 -> Félix Cantau | Q72: =J72&H72 -> 104959fcantau
A73: 86 | C73: 45909 | D73: 0.39583333 | E73: 0.47916667 | F73: QR Code | G73: Émargée | H73: acarde | I73: Anaïs | J73: 104959 | K73: Carde | L73: PRESENCE | M73: =I73 & " " & K73 -> Anaïs Carde | Q73: =J73&H73 -> 104959acarde
A74: 87 | C74: 45908 | D74: 0.66666667 | E74: 0.72916667 | F74: QR Code | G74: Émargée | H74: lbelon | I74: Lucas | J74: 104855 | K74: Belon | L74: PRESENCE | M74: =I74 & " " & K74 -> Lucas Belon | Q74: =J74&H74 -> 104855lbelon
A75: 89 | C75: 45908 | D75: 0.58333333 | E75: 0.64583333 | F75: QR Code | G75: Émargée | H75: lbelon | I75: Lucas | J75: 104551 | K75: Belon | L75: PRESENCE | M75: =I75 & " " & K75 -> Lucas Belon | Q75: =J75&H75 -> 104551lbelon
A76: 90 | C76: 45908 | D76: 0.47916667 | E76: 0.54166667 | F76: QR Code | G76: Émargée | H76: lbelon | I76: Lucas | J76: 104550 | K76: Belon | L76: PRESENCE | M76: =K76 & " " & I76 -> Belon Lucas | Q76: =J76&H76 -> 104550lbelon
A77: 91 | C77: 45908 | D77: 0.375 | E77: 0.4375 | F77: QR Code | G77: Émargée | H77: lbelon | I77: Lucas | J77: 102916 | K77: Belon | L77: PRESENCE | M77: =I77 & " " & K77 -> Lucas Belon | Q77: =J77&H77 -> 102916lbelon
A78: 92 | C78: 45909 | D78: 0.39583333 | E78: 0.47916667 | F78: QR Code | G78: Émargée | H78: ecaron | I78: Etienne | J78: 104959 | K78: Caron | L78: ABSENCE | M78: =K78 & " " & I78 -> Caron Etienne | Q78: =J78&H78 -> 104959ecaron
A79: 93 | C79: 45909 | D79: 0.39583333 | E79: 0.47916667 | F79: QR Code | G79: Émargée | H79: fcasatilewandowski | I79: Fanny | J79: 104959 | K79: Casati--Lewandowski | L79: PRESENCE | M79: =I79 & " " & K79 -> Fanny Casati--Lewandowski | Q79: =J79&H79 -> 104959fcasatilewandowski
A80: 94 | C80: 45908 | D80: 0.66666667 | E80: 0.72916667 | F80: QR Code | G80: Émargée | H80: aberson | I80: Antonin | J80: 104855 | K80: Berson | L80: PRESENCE | M80: =I80 & " " & K80 -> Antonin Berson | Q80: =J80&H80 -> 104855aberson
A81: 96 | C81: 45908 | D81: 0.58333333 | E81: 0.64583333 | F81: QR Code | G81: Émargée | H81: aberson | I81: Antonin | J81: 104551 | K81: Berson | L81: PRESENCE | M81: =I81 & " " & K81 -> Antonin Berson | Q81: =J81&H81 -> 104551aberson
A82: 97 | C82: 45908 | D82: 0.47916667 | E82: 0.54166667 | F82: QR Code | G82: Émargée | H82: aberson | I82: Antonin | J82: 104550 | K82: Berson | L82: PRESENCE | M82: =I82 & " " & K82 -> Antonin Berson | Q82: =J82&H82 -> 104550aberson
A83: 98 | C83: 45908 | D83: 0.375 | E83: 0.4375 | F83: QR Code | G83: Émargée | H83: aberson | I83: Antonin | J83: 102916 | K83: Berson | L83: PRESENCE | M83: =K83 & " " & I83 -> Berson Antonin | Q83: =J83&H83 -> 102916aberson
A84: 99 | C84: 45909 | D84: 0.39583333 | E84: 0.47916667 | F84: QR Code | G84: Émargée | H84: jce | I84: Jean | J84: 104959 | K84: Cé | L84: PRESENCE | M84: =I84 & " " & K84 -> Jean Cé | Q84: =J84&H84 -> 104959jce
A85: 100 | C85: 45909 | D85: 0.39583333 | E85: 0.47916667 | F85: QR Code | G85: Émargée | H85: jcharles2 | I85: Jonas | J85: 104959 | K85: Charles | L85: PRESENCE | M85: =I85 & " " & K85 -> Jonas Charles | Q85: =J85&H85 -> 104959jcharles2
A86: 101 | C86: 45908 | D86: 0.66666667 | E86: 0.72916667 | F86: QR Code | G86: Émargée | H86: mbianchi | I86: Manuela | J86: 104855 | K86: Bianchi | L86: PRESENCE | M86: =I86 & " " & K86 -> Manuela Bianchi | Q86: =J86&H86 -> 104855mbianchi
A87: 103 | C87: 45908 | D87: 0.58333333 | E87: 0.64583333 | F87: QR Code | G87: Émargée | H87: mbianchi | I87: Manuela | J87: 104551 | K87: Bianchi | L87: PRESENCE | M87: =I87 & " " & K87 -> Manuela Bianchi | Q87: =J87&H87 -> 104551mbianchi
A88: 104 | C88: 45908 | D88: 0.47916667 | E88: 0.54166667 | F88: QR Code | G88: Émargée | H88: mbianchi | I88: Manuela | J88: 104550 | K88: Bianchi | L88: PRESENCE | M88: =I88 & " " & K88 -> Manuela Bianchi | Q88: =J88&H88 -> 104550mbianchi
A89: 105 | C89: 45908 | D89: 0.375 | E89: 0.4375 | F89: QR Code | G89: Émargée | H89: mbianchi | I89: Manuela | J89: 102916 | K89: Bianchi | L89: PRESENCE | M89: =I89 & " " & K89 -> Manuela Bianchi | Q89: =J89&H89 -> 102916mbianchi
A90: 106 | C90: 45909 | D90: 0.39583333 | E90: 0.47916667 | F90: QR Code | G90: Émargée | H90: vchauvet | I90: Victor | J90: 104959 | K90: Chauvet | L90: PRESENCE | M90: =K90 & " " & I90 -> Chauvet Victor | Q90: =J90&H90 -> 104959vchauvet
A91: 107 | C91: 45909 | D91: 0.39583333 | E91: 0.47916667 | F91: QR Code | G91: Émargée | H91: lchavanon | I91: Louise | J91: 104959 | K91: Chavanon | L91: ABSENCE | M91: =K91 & " " & I91 -> Chavanon Louise | Q91: =J91&H91 -> 104959lchavanon
A92: 108 | C92: 45908 | D92: 0.66666667 | E92: 0.72916667 | F92: QR Code | G92: Émargée | H92: abich | I92: Alphonse | J92: 104855 | K92: Bich | L92: PRESENCE | M92: =I92 & " " & K92 -> Alphonse Bich | Q92: =J92&H92 -> 104855abich
A93: 110 | C93: 45908 | D93: 0.58333333 | E93: 0.64583333 | F93: QR Code | G93: Émargée | H93: abich | I93: Alphonse | J93: 104551 | K93: Bich | L93: PRESENCE | M93: =I93 & " " & K93 -> Alphonse Bich | Q93: =J93&H93 -> 104551abich
A94: 111 | C94: 45908 | D94: 0.47916667 | E94: 0.54166667 | F94: QR Code | G94: Émargée | H94: abich | I94: Alphonse | J94: 104550 | K94: Bich | L94: PRESENCE | M94: =I94 & " " & K94 -> Alphonse Bich | Q94: =J94&H94 -> 104550abich
A95: 112 | C95: 45908 | D95: 0.375 | E95: 0.4375 | F95: QR Code | G95: Émargée | H95: abich | I95: Alphonse | J95: 102916 | K95: Bich | L95: PRESENCE | M95: =I95 & " " & K95 -> Alphonse Bich | Q95: =J95&H95 -> 102916abich
A96: 113 | C96: 45909 | D96: 0.39583333 | E96: 0.47916667 | F96: QR Code | G96: Émargée | H96: dchoisi | I96: Dylan | J96: 104959 | K96: Choisi | L96: PRESENCE | M96: =I96 & " " & K96 -> Dylan Choisi | Q96: =J96&H96 -> 104959dchoisi
A97: 114 | C97: 45909 | D97: 0.39583333 | E97: 0.47916667 | F97: QR Code | G97: Émargée | H97: achristophe1 | I97: Antonin | J97: 104959 | K97: Christophe | L97: PRESENCE | M97: =I97 & " " & K97 -> Antonin Christophe | Q97: =J97&H97 -> 104959achristophe1
A98: 115 | C98: 45908 | D98: 0.66666667 | E98: 0.72916667 | F98: QR Code | G98: Émargée | H98: lbischoff1 | I98: Louis | J98: 104855 | K98: Bischoff | L98: PRESENCE | M98: =I98 & " " & K98 -> Louis Bischoff | Q98: =J98&H98 -> 104855lbischoff1
A99: 117 | C99: 45908 | D99: 0.58333333 | E99: 0.64583333 | F99: QR Code | G99: Émargée | H99: lbischoff1 | I99: Louis | J99: 104551 | K99: Bischoff | L99: PRESENCE | M99: =I99 & " " & K99 -> Louis Bischoff | Q99: =J99&H99 -> 104551lbischoff1
A100: 118 | C100: 45908 | D100: 0.47916667 | E100: 0.54166667 | F100: QR Code | G100: Émargée | H100: lbischoff1 | I100: Louis | J100: 104550 | K100: Bischoff | L100: PRESENCE | M100: =I100 & " " & K100 -> Louis Bischoff | Q100: =J100&H100 -> 104550lbischoff1
A101: 119 | C101: 45908 | D101: 0.375 | E101: 0.4375 | F101: QR Code | G101: Émargée | H101: lbischoff1 | I101: Louis | J101: 102916 | K101: Bischoff | L101: PRESENCE | M101: =K101 & " " & I101 -> Bischoff Louis | Q101: =J101&H101 -> 102916lbischoff1
A102: 120 | C102: 45909 | D102: 0.39583333 | E102: 0.47916667 | F102: QR Code | G102: Émargée | H102: scohen | I102: Shaïna | J102: 104959 | K102: Cohen | L102: PRESENCE | M102: =K102 & " " & I102 -> Cohen Shaïna | Q102: =J102&H102 -> 104959scohen
A103: 121 | C103: 45909 | D103: 0.39583333 | E103: 0.47916667 | F103: QR Code | G103: Émargée | H103: rcohenakenine | I103: Raphaël | J103: 104959 | K103: Cohen-Akenine | L103: PRESENCE | M103: =I103 & " " & K103 -> Raphaël Cohen-Akenine | Q103: =J103&H103 -> 104959rcohenakenine
A104: 122 | C104: 45908 | D104: 0.66666667 | E104: 0.72916667 | F104: QR Code | G104: Émargée | H104: mblouet | I104: Martin | J104: 104855 | K104: Blouet | L104: PRESENCE | M104: =K104 & " " & I104 -> Blouet Martin | Q104: =J104&H104 -> 104855mblouet
A105: 124 | C105: 45908 | D105: 0.58333333 | E105: 0.64583333 | F105: QR Code | G105: Émargée | H105: mblouet | I105: Martin | J105: 104551 | K105: Blouet | L105: PRESENCE | M105: =K105 & " " & I105 -> Blouet Martin | Q105: =J105&H105 -> 104551mblouet
A106: 125 | C106: 45908 | D106: 0.47916667 | E106: 0.54166667 | F106: QR Code | G106: Émargée | H106: mblouet | I106: Martin | J106: 104550 | K106: Blouet | L106: PRESENCE | M106: =K106 & " " & I106 -> Blouet Martin | Q106: =J106&H106 -> 104550mblouet
...

Sheet OASIS
A1: Discipline | B1: Etudiant | C1: Mention | D1: Status | E1: Commentaire
A2: 003481 | B2: =IF(Synthese!O38,Synthese!G38,"") -> aberson | D2: =IF(B2<>"","VALIDATE","") -> VALIDATE
A3: 003481 | B3: =IF(Synthese!O39,Synthese!G39,"") -> abich | D3: =IF(B3<>"","VALIDATE","") -> VALIDATE
A4: 003481 | B4: =IF(Synthese!O40,Synthese!G40,"") | D4: =IF(B4<>"","VALIDATE","")
A5: 003481 | B5: =IF(Synthese!O41,Synthese!G41,"") -> acarde | D5: =IF(B5<>"","VALIDATE","") -> VALIDATE
A6: 003481 | B6: =IF(Synthese!O42,Synthese!G42,"") -> achristophe1 | D6: =IF(B6<>"","VALIDATE","") -> VALIDATE
A7: 003481 | B7: =IF(Synthese!O43,Synthese!G43,"") -> adecaens | D7: =IF(B7<>"","VALIDATE","") -> VALIDATE
A8: 003481 | B8: =IF(Synthese!O44,Synthese!G44,"") -> adelhoume | D8: =IF(B8<>"","VALIDATE","") -> VALIDATE
A9: 003481 | B9: =IF(Synthese!O45,Synthese!G45,"") -> adorlandepolignac | D9: =IF(B9<>"","VALIDATE","") -> VALIDATE
A10: 003481 | B10: =IF(Synthese!O46,Synthese!G46,"") -> aeorthmannreichenbach | D10: =IF(B10<>"","VALIDATE","") -> VALIDATE
A11: 003481 | B11: =IF(Synthese!O47,Synthese!G47,"") -> aesmaeilzadeh | D11: =IF(B11<>"","VALIDATE","") -> VALIDATE
A12: 003481 | B12: =IF(Synthese!O48,Synthese!G48,"") | D12: =IF(B12<>"","VALIDATE","")
A13: 003481 | B13: =IF(Synthese!O49,Synthese!G49,"") | D13: =IF(B13<>"","VALIDATE","")
... A251: 003481 | B251: =IF(Synthese!O287,Synthese!G287,"") -> zlyu | D251: =IF(B251<>"","VALIDATE","") -> VALIDATE

Sheet Synthese
G4: Nombre de Étudiant | H4: Statut de l'étudiant
G5: Séance | H5: ABSENCE | I5: PRESENCE | J5: (vide) | K5: Total général
G6: 102753 | H6: 64 | I6: 147 | K6: 211 | O6: a vérifier avec les feuilles d'émargement
G7: 102916 | H7: 68 | I7: 150 | K7: 218
G8: 104550 | H8: 65 | I8: 166 | K8: 231
G9: 104551 | H9: 59 | I9: 170 | K9: 229 | O9: a recopier a partir de la séance de 9h
G10: 104855 | H10: 48 | I10: 158 | K10: 206
G11: 104959 | H11: 68 | I11: 174 | K11: 242
G12: (vide)
H14: =AVERAGE(H6:H11) -> 62 | I14: =AVERAGE(I6:I11) -> 160.83333
G35: Nombre de Séance | I35: Statut de l'étudiant | O35: Aurais validé | P35: Ne valide pas
G36: Étudiant | H36: Étudiant - Nom | I36: ABSENCE | J36: PRESENCE | K36: (vide) | L36: Total général | N36: =SUM(N37:N289) -> 211 | O36: =SUM(O37:O289) -> 145 | R36: Nombre de Étudiant
G37: a | H37: (vide) | J37: 1 | L37: 1 | N37: =IF(L37>4,1,0) -> 0 | O37: =IF(AND(I37>1,I37<5),G37,"") | P37: =IF(OR(ISBLANK(J37),J37<5),G37,"") -> a | R37: Séance | S37: Heures (Heure de fin) | T37: Heure de début | U37: Heure de fin | V37: Total
G38: aberson | H38: Berson | J38: 6 | L38: 6 | N38: =IF(L38>4,1,0) -> 1 | O38: =IF(J38>4,1,0) -> 1 | P38: =IF(OR(ISBLANK(J38),J38<5),G38,"") | R38: 102753 | S38: 13 | V38: 211
G39: abich | H39: Bich | I39: 1 | J39: 5 | L39: 6 | N39: =IF(L39>4,1,0) -> 1 | O39: =IF(J39>4,1,0) -> 1 | P39: =IF(OR(ISBLANK(J39),J39<5),G39,"") | R39: 102916 | S39: 10 | V39: 217
G40: abomont | H40: Bomont | I40: 6 | L40: 6 | N40: =IF(L40>4,1,0) -> 1 | O40: =IF(J40>4,1,0) -> 0 | P40: =IF(OR(ISBLANK(J40),J40<5),G40,"") -> abomont | S40: 13 | V40: 1
G41: acarde | H41: Carde | J41: 6 | L41: 6 | N41: =IF(L41>4,1,0) -> 1 | O41: =IF(J41>4,1,0) -> 1 | P41: =IF(OR(ISBLANK(J41),J41<5),G41,"") | R41: 104550 | S41: <00/01/1900 | V41: 18
G42: achristophe1 | H42: Christophe | J42: 6 | L42: 6 | N42: =IF(L42>4,1,0) -> 1 | O42: =IF(J42>4,1,0) -> 1 | P42: =IF(OR(ISBLANK(J42),J42<5),G42,"") | S42: 10 | V42: 1
G43: adecaens | H43: Decaëns | J43: 6 | L43: 6 | N43: =IF(L43>4,1,0) -> 1 | O43: =IF(J43>4,1,0) -> 1 | P43: =IF(OR(ISBLANK(J43),J43<5),G43,"") | S43: 13 | V43: 212
G44: adelhoume | H44: Delhoume | J44: 6 | L44: 6 | N44: =IF(L44>4,1,0) -> 1 | O44: =IF(J44>4,1,0) -> 1 | P44: =IF(OR(ISBLANK(J44),J44<5),G44,"") | R44: 104551 | S44: <00/01/1900 | V44: 18
G45: adorlandepolignac | H45: d'Orlan de Polignac | J45: 6 | L45: 6 | N45: =IF(L45>4,1,0) -> 1 | O45: =IF(J45>4,1,0) -> 1 | P45: =IF(OR(ISBLANK(J45),J45<5),G45,"") | S45: 15 | V45: 211
G46: aeorthmannreichenbach | H46: Orthmann--Reichenbach | I46: 1 | J46: 5 | L46: 6 | N46: =IF(L46>4,1,0) -> 1 | O46: =IF(J46>4,1,0) -> 1 | P46: =IF(OR(ISBLANK(J46),J46<5),G46,"") | R46: 104855 | S46: <00/01/1900 | V46: 18
G47: aesmaeilzadeh | H47: Esmaeilzadeh | J47: 6 | L47: 6 | N47: =IF(L47>4,1,0) -> 1 | O47: =IF(J47>4,1,0) -> 1 | P47: =IF(OR(ISBLANK(J47),J47<5),G47,"") | S47: 17 | V47: 188
G48: agautier | H48: Gautier | I48: 6 | L48: 6 | N48: =IF(L48>4,1,0) -> 1 | O48: =IF(J48>4,1,0) -> 0 | P48: =IF(OR(ISBLANK(J48),J48<5),G48,"") -> agautier | R48: 104959 | S48: <00/01/1900 | V48: 36
G49: agrizard | H49: Grizard | I49: 5 | J49: 1 | L49: 6 | N49: =IF(L49>4,1,0) -> 1 | O49: =IF(J49>4,1,0) -> 0 | P49: =IF(OR(ISBLANK(J49),J49<5),G49,"") -> agrizard | S49: 11 | V49: 206
G50: agross1 | H50: Gross | J50: 6 | L50: 6 | N50: =IF(L50>4,1,0) -> 1 | O50: =IF(J50>4,1,0) -> 1 | P50: =IF(OR(ISBLANK(J50),J50<5),G50,"") | R50: (vide) | S50: <00/01/1900
G51: aguyduche | H51: Guy-Duché | J51: 6 | L51: 6 | N51: =IF(L51>4,1,0) -> 1 | O51: =IF(J51>4,1,0) -> 1 | P51: =IF(OR(ISBLANK(J51),J51<5),G51,"")
G52: ahuerta | H52: Huerta | J52: 6 | L52: 6 | N52: =IF(L52>4,1,0) -> 1 | O52: =IF(J52>4,1,0) -> 1 | P52: =IF(OR(ISBLANK(J52),J52<5),G52,"")
G53: ajeannot | H53: Jeannot | I53: 1 | J53: 5 | L53: 6 | N53: =IF(L53>4,1,0) -> 1 | O53: =IF(J53>4,1,0) -> 1 | P53: =IF(OR(ISBLANK(J53),J53<5),G53,"")
G54: akerouanton | H54: Kerouanton | J54: 6 | L54: 6 | N54: =IF(L54>4,1,0) -> 1 | O54: =IF(J54>4,1,0) -> 1 | P54: =IF(OR(ISBLANK(J54),J54<5),G54,"")
G55: alhomme | H55: Lhomme | J55: 3 | L55: 3 | N55: =IF(L55>4,1,0) -> 0 | O55: =IF(J55>4,1,0) -> 0 | P55: =IF(OR(ISBLANK(J55),J55<5),G55,"") -> alhomme
G56: alvgalichet | H56: Galichet | J56: 6 | L56: 6 | N56: =IF(L56>4,1,0) -> 1 | O56: =IF(J56>4,1,0) -> 1 | P56: =IF(OR(ISBLANK(J56),J56<5),G56,"")
G57: amansart | H57: Mansart | J57: 6 | L57: 6 | N57: =IF(L57>4,1,0) -> 1 | O57: =IF(J57>4,1,0) -> 1 | P57: =IF(OR(ISBLANK(J57),J57<5),G57,"")
G58: amoen | H58: Moen | J58: 6 | L58: 6 | N58: =IF(L58>4,1,0) -> 1 | O58: =IF(J58>4,1,0) -> 1 | P58: =IF(OR(ISBLANK(J58),J58<5),G58,"")
G59: amoreira1 | H59: Moreira | J59: 6 | L59: 6 | N59: =IF(L59>4,1,0) -> 1 | O59: =IF(J59>4,1,0) -> 1 | P59: =IF(OR(ISBLANK(J59),J59<5),G59,"")
G60: anantois | H60: Nantois | J60: 6 | L60: 6 | N60: =IF(L60>4,1,0) -> 1 | O60: =IF(J60>4,1,0) -> 1 | P60: =IF(OR(ISBLANK(J60),J60<5),G60,"")
G61: aolech | H61: Olech | I61: 6 | L61: 6 | N61: =IF(L61>4,1,0) -> 1 | O61: =IF(J61>4,1,0) -> 0 | P61: =IF(OR(ISBLANK(J61),J61<5),G61,"") -> aolech
G62: apesnel | H62: Pesnel | J62: 6 | L62: 6 | N62: =IF(L62>4,1,0) -> 1 | O62: =IF(J62>4,1,0) -> 1 | P62: =IF(OR(ISBLANK(J62),J62<5),G62,"")
G63: apichard | H63: Pichard | I63: 1 | J63: 5 | L63: 6 | N63: =IF(L63>4,1,0) -> 1 | O63: =IF(J63>4,1,0) -> 1 | P63: =IF(OR(ISBLANK(J63),J63<5),G63,"")
G64: apollier | H64: Pollier | J64: 1 | L64: 1 | N64: =IF(L64>4,1,0) -> 0 | O64: =IF(J64>4,1,0) -> 0 | P64: =IF(OR(ISBLANK(J64),J64<5),G64,"") -> apollier
G65: arajaobelina | H65: Rajaobelina | J65: 2 | L65: 2 | N65: =IF(L65>4,1,0) -> 0 | O65: =IF(J65>4,1,0) -> 0 | P65: =IF(OR(ISBLANK(J65),J65<5),G65,"") -> arajaobelina
G66: arauline | H66: Rauline | I66: 1 | J66: 5 | L66: 6 | N66: =IF(L66>4,1,0) -> 1 | O66: =IF(J66>4,1,0) -> 1 | P66: =IF(OR(ISBLANK(J66),J66<5),G66,"")
G67: athevenin | H67: Thevenin | J67: 6 | L67: 6 | N67: =IF(L67>4,1,0) -> 1 | O67: =IF(J67>4,1,0) -> 1 | P67: =IF(OR(ISBLANK(J67),J67<5),G67,"")
G68: atorres | H68: Torres | I68: 6 | L68: 6 | N68: =IF(L68>4,1,0) -> 1 | O68: =IF(J68>4,1,0) -> 0 | P68: =IF(OR(ISBLANK(J68),J68<5),G68,"") -> atorres
G69: bnaji | H69: Naji | I69: 6 | L69: 6 | N69: =IF(L69>4,1,0) -> 1 | O69: =IF(J69>4,1,0) -> 0 | P69: =IF(OR(ISBLANK(J69),J69<5),G69,"") -> bnaji
G70: cbrunet | H70: Brunet | J70: 6 | L70: 6 | N70: =IF(L70>4,1,0) -> 1 | O70: =IF(J70>4,1,0) -> 1 | P70: =IF(OR(ISBLANK(J70),J70<5),G70,"")
G71: ccoppola | H71: Coppola | J71: 6 | L71: 6 | N71: =IF(L71>4,1,0) -> 1 | O71: =IF(J71>4,1,0) -> 1 | P71: =IF(OR(ISBLANK(J71),J71<5),G71,"")
G72: cdelvalle | H72: Del Valle | J72: 3 | L72: 3 | N72: =IF(L72>4,1,0) -> 0 | O72: =IF(J72>4,1,0) -> 0 | P72: =IF(OR(ISBLANK(J72),J72<5),G72,"") -> cdelvalle
G73: cmellardi | H73: Mellardi | J73: 6 | L73: 6 | N73: =IF(L73>4,1,0) -> 1 | O73: =IF(J73>4,1,0) -> 1 | P73: =IF(OR(ISBLANK(J73),J73<5),G73,"")
G74: cpauvert | H74: Pauvert | I74: 5 | L74: 5 | N74: =IF(L74>4,1,0) -> 1 | O74: =IF(J74>4,1,0) -> 0 | P74: =IF(OR(ISBLANK(J74),J74<5),G74,"") -> cpauvert
G75: craynaudflavier | H75: Raynaud-Flavier | J75: 4 | L75: 4 | N75: =IF(L75>4,1,0) -> 0 | O75: =IF(J75>4,1,0) -> 0 | P75: =IF(OR(ISBLANK(J75),J75<5),G75,"") -> craynaudflavier
G76: crossi | H76: Rossi | J76: 1 | L76: 1 | N76: =IF(L76>4,1,0) -> 0 | O76: =IF(J76>4,1,0) -> 0 | P76: =IF(OR(ISBLANK(J76),J76<5),G76,"") -> crossi
G77: croszak | H77: Roszak | J77: 6 | L77: 6 | N77: =IF(L77>4,1,0) -> 1 | O77: =IF(J77>4,1,0) -> 1 | P77: =IF(OR(ISBLANK(J77),J77<5),G77,"")
G78: crouge | H78: Rouge | I78: 5 | L78: 5 | N78: =IF(L78>4,1,0) -> 1 | O78: =IF(J78>4,1,0) -> 0 | P78: =IF(OR(ISBLANK(J78),J78<5),G78,"") -> crouge
G79: croussev | H79: Roussev | I79: 6 | L79: 6 | N79: =IF(L79>4,1,0) -> 1 | O79: =IF(J79>4,1,0) -> 0 | P79: =IF(OR(ISBLANK(J79),J79<5),G79,"") -> croussev
G80: ctallet1 | H80: Tallet | J80: 6 | L80: 6 | N80: =IF(L80>4,1,0) -> 1 | O80: =IF(J80>4,1,0) -> 1 | P80: =IF(OR(ISBLANK(J80),J80<5),G80,"")
G81: ctissus | H81: Tissus | J81: 6 | L81: 6 | N81: =IF(L81>4,1,0) -> 1 | O81: =IF(J81>4,1,0) -> 1 | P81: =IF(OR(ISBLANK(J81),J81<5),G81,"")
G82: cvallapesendorfer | H82: Valla Pesendorfer | I82: 6 | L82: 6 | N82: =IF(L82>4,1,0) -> 1 | O82: =IF(J82>4,1,0) -> 0 | P82: =IF(OR(ISBLANK(J82),J82<5),G82,"") -> cvallapesendorfer
G83: dbondetdelabernardie | H83: Bondet de la Bernardie | J83: 6 | L83: 6 | N83: =IF(L83>4,1,0) -> 1 | O83: =IF(J83>4,1,0) -> 1 | P83: =IF(OR(ISBLANK(J83),J83<5),G83,"")
G84: dcanadagutierrez | H84: Canada Gutierrez | I84: 5 | L84: 5 | N84: =IF(L84>4,1,0) -> 1 | O84: =IF(J84>4,1,0) -> 0 | P84: =IF(OR(ISBLANK(J84),J84<5),G84,"") -> dcanadagutierrez
G85: dchoisi | H85: Choisi | J85: 6 | L85: 6 | N85: =IF(L85>4,1,0) -> 1 | O85: =IF(J85>4,1,0) -> 1 | P85: =IF(OR(ISBLANK(J85),J85<5),G85,"")
G86: dlau | H86: Lau | I86: 6 | L86: 6 | N86: =IF(L86>4,1,0) -> 1 | O86: =IF(J86>4,1,0) -> 0 | P86: =IF(OR(ISBLANK(J86),J86<5),G86,"") -> dlau
G87: drashdan | H87: Rashdan | I87: 6 | L87: 6 | N87: =IF(L87>4,1,0) -> 1 | O87: =IF(J87>4,1,0) -> 0 | P87: =IF(OR(ISBLANK(J87),J87<5),G87,"") -> drashdan
G88: dtabacaru | H88: Tabacaru | I88: 6 | L88: 6 | N88: =IF(L88>4,1,0) -> 1 | O88: =IF(J88>4,1,0) -> 0 | P88: =IF(OR(ISBLANK(J88),J88<5),G88,"") -> dtabacaru
G89: dwang | H89: Wang | J89: 6 | L89: 6 | N89: =IF(L89>4,1,0) -> 1 | O89: =IF(J89>4,1,0) -> 1 | P89: =IF(OR(ISBLANK(J89),J89<5),G89,"")
G90: ecaron | H90: Caron | I90: 5 | L90: 5 | N90: =IF(L90>4,1,0) -> 1 | O90: =IF(J90>4,1,0) -> 0 | P90: =IF(OR(ISBLANK(J90),J90<5),G90,"") -> ecaron
G91: econstable | H91: Constable | I91: 6 | L91: 6 | N91: =IF(L91>4,1,0) -> 1 | O91: =IF(J91>4,1,0) -> 0 | P91: =IF(OR(ISBLANK(J91),J91<5),G91,"") -> econstable
G92: edoumic | H92: Doumic | I92: 6 | L92: 6 | N92: =IF(L92>4,1,0) -> 1 | O92: =IF(J92>4,1,0) -> 0 | P92: =IF(OR(ISBLANK(J92),J92<5),G92,"") -> edoumic
G93: egrandcolas | H93: Grandcolas | I93: 5 | L93: 5 | N93: =IF(L93>4,1,0) -> 1 | O93: =IF(J93>4,1,0) -> 0 | P93: =IF(OR(ISBLANK(J93),J93<5),G93,"") -> egrandcolas
G94: ehetzel | H94: Hetzel | J94: 6 | L94: 6 | N94: =IF(L94>4,1,0) -> 1 | O94: =IF(J94>4,1,0) -> 1 | P94: =IF(OR(ISBLANK(J94),J94<5),G94,"")
G95: ejaumemasferrer | H95: Jaume Masferrer | I95: 5 | L95: 5 | N95: =IF(L95>4,1,0) -> 1 | O95: =IF(J95>4,1,0) -> 0 | P95: =IF(OR(ISBLANK(J95),J95<5),G95,"") -> ejaumemasferrer
G96: eleroux | H96: Leroux | J96: 6 | L96: 6 | N96: =IF(L96>4,1,0) -> 1 | O96: =IF(J96>4,1,0) -> 1 | P96: =IF(OR(ISBLANK(J96),J96<5),G96,"")
G97: emamane | H97: Mamane | I97: 4 | J97: 1 | L97: 5 | N97: =IF(L97>4,1,0) -> 1 | O97: =IF(J97>4,1,0) -> 0 | P97: =IF(OR(ISBLANK(J97),J97<5),G97,"") -> emamane
G98: emarchal | H98: Marchal | J98: 3 | L98: 3 | N98: =IF(L98>4,1,0) -> 0 | O98: =IF(J98>4,1,0) -> 0 | P98: =IF(OR(ISBLANK(J98),J98<5),G98,"") -> emarchal
G99: emeens | H99: Meens | J99: 6 | L99: 6 | N99: =IF(L99>4,1,0) -> 1 | O99: =IF(J99>4,1,0) -> 1 | P99: =IF(OR(ISBLANK(J99),J99<5),G99,"")
G100: enebra | H100: Nebra | J100: 1 | L100: 1 | N100: =IF(L100>4,1,0) -> 0 | O100: =IF(J100>4,1,0) -> 0 | P100: =IF(OR(ISBLANK(J100),J100<5),G100,"") -> enebra
G101: enierigeraci | H101: Nieri Geraci | J101: 2 | L101: 2 | N101: =IF(L101>4,1,0) -> 0 | O101: =IF(J101>4,1,0) -> 0 | P101: =IF(OR(ISBLANK(J101),J101<5),G101,"") -> enierigeraci
G102: eoniangueadamo | H102: Oniangue - Adamo | J102: 3 | L102: 3 | N102: =IF(L102>4,1,0) -> 0 | O102: =IF(J102>4,1,0) -> 0 | P102: =IF(OR(ISBLANK(J102),J102<5),G102,"") -> eoniangueadamo
G103: erall | H103: Rall | I103: 1 | J103: 5 | L103: 6 | N103: =IF(L103>4,1,0) -> 1 | O103: =IF(J103>4,1,0) -> 1 | P103: =IF(OR(ISBLANK(J103),J103<5),G103,"")
G104: erebuschi | H104: Rebuschi | J104: 6 | L104: 6 | N104: =IF(L104>4,1,0) -> 1 | O104: =IF(J104>4,1,0) -> 1 | P104: =IF(OR(ISBLANK(J104),J104<5),G104,"")
G105: ericard | H105: Ricard | I105: 2 | J105: 4 | L105: 6 | N105: =IF(L105>4,1,0) -> 1 | O105: =IF(J105>4,1,0) -> 0 | P105: =IF(OR(ISBLANK(J105),J105<5),G105,"") -> ericard
G106: erodrigues | H106: Rodrigues | I106: 1 | J106: 5 | L106: 6 | N106: =IF(L106>4,1,0) -> 1 | O106: =IF(J106>4,1,0) -> 1 | P106: =IF(OR(ISBLANK(J106),J106<5),G106,"")
G107: esezestre | H107: Sezestre | J107: 6 | L107: 6 | N107: =IF(L107>4,1,0) -> 1 | O107: =IF(J107>4,1,0) -> 1 | P107: =IF(OR(ISBLANK(J107),J107<5),G107,"")
G108: ezemihi | H108: Zemihi | I108: 2 | J108: 4 | L108: 6 | N108: =IF(L108>4,1,0) -> 1 | O108: =IF(J108>4,1,0) -> 0 | P108: =IF(OR(ISBLANK(J108),J108<5),G108,"") -> ezemihi
G109: fcantau | H109: Cantau | J109: 6 | L109: 6 | N109: =IF(L109>4,1,0) -> 1 | O109: =IF(J109>4,1,0) -> 1 | P109: =IF(OR(ISBLANK(J109),J109<5),G109,"")
G110: fcasatilewandowski | H110: Casati--Lewandowski | J110: 6 | L110: 6 | N110: =IF(L110>4,1,0) -> 1 | O110: =IF(J110>4,1,0) -> 1 | P110: =IF(OR(ISBLANK(J110),J110<5),G110,"")
G111: fcusmir | H111: Cusmir | I111: 1 | J111: 5 | L111: 6 | N111: =IF(L111>4,1,0) -> 1 | O111: =IF(J111>4,1,0) -> 1 | P111: =IF(OR(ISBLANK(J111),J111<5),G111,"")
G112: fdeschodt | H112: Deschodt | I112: 6 | L112: 6 | N112: =IF(L112>4,1,0) -> 1 | O112: =IF(J112>4,1,0) -> 0 | P112: =IF(OR(ISBLANK(J112),J112<5),G112,"") -> fdeschodt
G113: fmartin2 | H113: Martin | I113: 6 | L113: 6 | N113: =IF(L113>4,1,0) -> 1 | O113: =IF(J113>4,1,0) -> 0 | P113: =IF(OR(ISBLANK(J113),J113<5),G113,"") -> fmartin2
G114: fmoisseron | H114: Moisseron | J114: 6 | L114: 6 | N114: =IF(L114>4,1,0) -> 1 | O114: =IF(J114>4,1,0) -> 1 | P114: =IF(OR(ISBLANK(J114),J114<5),G114,"")
G115: fprat | H115: Prat | J115: 6 | L115: 6 | N115: =IF(L115>4,1,0) -> 1 | O115: =IF(J115>4,1,0) -> 1 | P115: =IF(OR(ISBLANK(J115),J115<5),G115,"")
G116: gbaltardive | H116: Baltardive | J116: 6 | L116: 6 | N116: =IF(L116>4,1,0) -> 1 | O116: =IF(J116>4,1,0) -> 1 | P116: =IF(OR(ISBLANK(J116),J116<5),G116,"")
G117: gdelattre | H117: Delattre | J117: 6 | L117: 6 | N117: =IF(L117>4,1,0) -> 1 | O117: =IF(J117>4,1,0) -> 1 | P117: =IF(OR(ISBLANK(J117),J117<5),G117,"")
G118: ggabel | H118: Gabel | J118: 6 | L118: 6 | N118: =IF(L118>4,1,0) -> 1 | O118: =IF(J118>4,1,0) -> 1 | P118: =IF(OR(ISBLANK(J118),J118<5),G118,"")
G119: ggemot | H119: Gemot | J119: 4 | L119: 4 | N119: =IF(L119>4,1,0) -> 0 | O119: =IF(J119>4,1,0) -> 0 | P119: =IF(OR(ISBLANK(J119),J119<5),G119,"") -> ggemot
G120: gnguyen | H120: Nguyen | J120: 6 | L120: 6 | N120: =IF(L120>4,1,0) -> 1 | O120: =IF(J120>4,1,0) -> 1 | P120: =IF(OR(ISBLANK(J120),J120<5),G120,"")
G121: gsardier | H121: Sardier | I121: 5 | L121: 5 | N121: =IF(L121>4,1,0) -> 1 | O121: =IF(J121>4,1,0) -> 0 | P121: =IF(OR(ISBLANK(J121),J121<5),G121,"") -> gsardier
G122: gvandenbroucque | H122: Vandenbroucque | J122: 6 | L122: 6 | N122: =IF(L122>4,1,0) -> 1 | O122: =IF(J122>4,1,0) -> 1 | P122: =IF(OR(ISBLANK(J122),J122<5),G122,"")
G123: gwelcker | H123: Welcker | J123: 6 | L123: 6 | N123: =IF(L123>4,1,0) -> 1 | O123: =IF(J123>4,1,0) -> 1 | P123: =IF(OR(ISBLANK(J123),J123<5),G123,"")
G124: hhernout | H124: Hernout | J124: 6 | L124: 6 | N124: =IF(L124>4,1,0) -> 1 | O124: =IF(J124>4,1,0) -> 1 | P124: =IF(OR(ISBLANK(J124),J124<5),G124,"")
...

Sheet Brouillon
A1: Etudiants
A2: abomont
A10: agautier
A11: agrizard
A17: alhomme
A23: aolech
A26: apollier
A27: arajaobelina
A30: atorres
A31: bnaji
A34: cdelvalle
A36: cpauvert
... A250: yli2
